"年収","課税所得 (所得税)","課税所得 (住民税)","年金","健康保険","住民税","所得税","消費税","負担合計","手取り額","年収に占める所得・住民税の百分率"
50,0,0,9.662,3.96,0,0,3.638,17.26,36.378,0
51,0,0,9.662,3.96,0,0,3.738,17.36,37.378,0
52,0,0,9.662,3.96,0,0,3.838,17.46,38.378,0
53,0,0,9.662,3.96,0,0,3.938,17.56,39.378,0
54,0,0,9.662,3.96,0,0,4.038,17.66,40.378,0
55,0,0,9.662,3.96,0,0,4.138,17.76,41.378,0
56,0,0,9.662,3.96,0,0,4.238,17.86,42.378,0
57,0,0,9.662,3.96,0,0,4.338,17.96,43.378,0
58,0,0,9.662,3.96,0,0,4.438,18.06,44.378,0
59,0,0,9.662,3.96,0,0,4.538,18.16,45.378,0
60,0,0,9.662,3.96,0,0,4.638,18.26,46.378,0
61,0,0,9.662,3.96,0,0,4.738,18.36,47.378,0
62,0,0,9.662,3.96,0,0,4.838,18.46,48.378,0
63,0,0,9.662,3.96,0,0,4.938,18.56,49.378,0
64,0,0,9.662,3.96,0,0,5.038,18.66,50.378,0
65,0,0,9.662,3.96,0,0,5.138,18.76,51.378,0
66,0,0,9.662,3.96,0,0,5.238,18.86,52.378,0
67,0,0,9.662,3.96,0,0,5.338,18.96,53.378,0
68,0,0,9.662,3.96,0,0,5.438,19.06,54.378,0
69,0,0,9.662,3.96,0,0,5.538,19.16,55.378,0
70,0,0,9.662,3.96,0,0,5.638,19.26,56.378,0
71,0,0,9.662,3.96,0,0,5.738,19.36,57.378,0
72,0,0,9.662,3.96,0,0,5.838,19.46,58.378,0
73,0,0,9.662,3.96,0,0,5.938,19.56,59.378,0
74,0,0,9.662,3.96,0,0,6.038,19.66,60.378,0
75,0,0,9.662,3.96,0,0,6.138,19.76,61.378,0
76,0,0,9.662,4.643,0,0,6.169,20.475,61.695,0
77,0,0,9.662,4.643,0,0,6.269,20.575,62.695,0
78,0,0,9.662,4.643,0,0,6.369,20.675,63.695,0
79,0,0,9.662,4.643,0,0,6.469,20.775,64.695,0
80,0,0,9.662,4.643,0,0,6.569,20.875,65.695,0
81,0,0,9.662,4.643,0,0,6.669,20.975,66.695,0
82,0,0,9.662,4.643,0,0,6.769,21.075,67.695,0
83,0,0,9.662,4.643,0,0,6.869,21.175,68.695,0
84,0,0,9.662,4.643,0,0,6.969,21.275,69.695,0
85,0,0,9.662,4.643,0,0,7.069,21.375,70.695,0
86,0,0,9.662,4.643,0,0,7.169,21.475,71.695,0
87,0,0,9.662,4.643,0,0,7.269,21.575,72.695,0
88,0,0,9.662,5.326,0,0,7.301,22.289,73.012,0
89,0,0,9.662,5.326,0,0,7.401,22.389,74.012,0
90,0,0,9.662,5.326,0,0,7.501,22.489,75.012,0
91,0,0,9.662,5.326,0,0,7.601,22.589,76.012,0
92,0,0,9.662,5.326,0,0,7.701,22.689,77.012,0
93,0,0,9.662,5.326,0,0,7.801,22.789,78.012,0
94,0,0,9.662,5.326,0,0,7.901,22.889,79.012,0
95,0,0,9.662,5.326,0,0,8.001,22.989,80.012,0
96,0,0,9.662,5.326,0,0,8.101,23.089,81.012,0
97,0,0,9.662,5.326,0,0,8.201,23.189,82.012,0
98,0,0,9.662,5.326,0,0,8.301,23.289,83.012,0
99,0,0,9.662,5.326,0,0,8.401,23.389,84.012,0
100,0,0,9.662,6.008,0,0,8.433,24.104,84.329,0
101,0,0,9.662,6.008,0,0,8.533,24.204,85.329,0
102,0,0,9.662,6.008,0,0,8.633,24.304,86.329,0
103,0,0,9.662,6.008,0,0,8.733,24.404,87.329,0
104,0,0,9.662,6.008,0,0,8.833,24.504,88.329,0
105,0,0,9.662,6.008,0,0,8.933,24.604,89.329,0
106,0,0,9.662,6.008,0,0,9.033,24.704,90.329,0
107,0,0,9.662,6.008,0,0,9.133,24.804,91.329,0
108,0,0,9.662,6.008,0,0,9.233,24.904,92.329,0
109,0,0,9.662,6.008,0,0,9.333,25.004,93.329,0
110,0,0,9.662,6.008,0,0,9.433,25.104,94.329,0
111,0,0,9.662,6.008,0,0,9.533,25.204,95.329,0
112,0,0,10.76,6.691,0,0,9.455,26.906,94.548,0
113,0,0,10.76,6.691,0,0,9.555,27.006,95.548,0
114,0,0,10.76,6.691,0,0,9.655,27.106,96.548,0
115,0,0,10.76,6.691,0,0,9.755,27.206,97.548,0
116,0,0.5,10.76,6.691,0,0,9.855,27.306,98.548,0
117,0,1.5,10.76,6.691,0,0,9.955,27.406,99.548,0
118,0,2.5,10.76,6.691,0,0,10.055,27.506,100.548,0
119,0,3.5,10.76,6.691,0,0,10.155,27.606,101.548,0
120,0,4.5,10.76,6.691,0,0,10.255,27.706,102.548,0
121,0.5,5.5,10.76,6.691,0,0.02,10.353,27.824,103.528,0.017
122,0.4,5.4,11.419,7.102,0,0.02,10.346,28.887,103.459,0.016
123,1.4,6.4,11.419,7.102,0,0.07,10.441,29.032,104.409,0.057
124,2.4,7.4,11.419,7.102,0,0.12,10.536,29.177,105.359,0.097
125,3.4,8.4,11.419,7.102,0,0.17,10.631,29.322,106.309,0.136
126,4.4,9.4,11.419,7.102,0,0.22,10.726,29.467,107.259,0.175
127,5.4,10.4,11.419,7.102,0,0.27,10.821,29.612,108.209,0.213
128,6.4,11.4,11.419,7.102,0,0.32,10.916,29.757,109.159,0.25
129,6.4,11.4,12.078,7.511,0,0.32,10.909,30.818,109.091,0.248
130,7.4,12.4,12.078,7.511,0,0.37,11.004,30.963,110.041,0.285
131,8.4,13.4,12.078,7.511,0,0.42,11.099,31.108,110.991,0.321
132,9.4,14.4,12.078,7.511,0,0.47,11.194,31.253,111.941,0.356
133,10.4,15.4,12.078,7.511,0,0.53,11.288,31.407,112.881,0.398
134,11.4,16.4,12.078,7.511,0,0.58,11.383,31.552,113.831,0.433
135,12.4,17.4,12.078,7.511,0,0.63,11.478,31.697,114.781,0.467
136,13.4,18.4,12.078,7.511,0,0.68,11.573,31.842,115.731,0.5
137,12.9,17.9,12.956,8.057,0,0.65,11.534,33.197,115.337,0.474
138,13.9,18.9,12.956,8.057,0,0.7,11.629,33.342,116.287,0.507
139,14.9,19.9,12.956,8.057,0,0.76,11.723,33.496,117.227,0.547
140,15.9,20.9,12.956,8.057,0,0.81,11.818,33.641,118.177,0.579
141,16.9,21.9,12.956,8.057,0,0.86,11.913,33.786,119.127,0.61
142,17.9,22.9,12.956,8.057,0,0.91,12.008,33.931,120.077,0.641
143,18.9,23.9,12.956,8.057,0,0.96,12.103,34.076,121.027,0.671
144,19.9,24.9,12.956,8.057,0,1.01,12.198,34.221,121.977,0.701
145,20.9,25.9,12.956,8.057,0,1.06,12.293,34.366,122.927,0.731
146,21.9,26.9,12.956,8.057,0,1.11,12.388,34.511,123.877,0.76
147,21.5,26.5,13.835,8.603,0,1.09,12.347,35.875,123.472,0.741
148,22.5,27.5,13.835,8.603,0,1.14,12.442,36.02,124.422,0.77
149,23.5,28.5,13.835,8.603,0,1.19,12.537,36.165,125.372,0.799
150,24.5,29.5,13.835,8.603,0,1.25,12.631,36.319,126.312,0.833
151,25.5,30.5,13.835,8.603,0,1.3,12.726,36.464,127.262,0.861
152,26.5,31.5,13.835,8.603,0,1.35,12.821,36.609,128.212,0.888
153,27.5,32.5,13.835,8.603,0,1.4,12.916,36.754,129.162,0.915
154,28.5,33.5,13.835,8.603,0,1.45,13.011,36.899,130.112,0.942
155,29.5,34.5,13.835,8.603,0,1.5,13.106,37.044,131.062,0.968
156,29.1,34.1,14.713,9.15,0,1.48,13.066,38.409,130.657,0.949
157,30.1,35.1,14.713,9.15,0,1.53,13.161,38.554,131.607,0.975
158,31.1,36.1,14.713,9.15,0,1.58,13.256,38.699,132.557,1
159,32.1,37.1,14.713,9.15,0,1.63,13.351,38.844,133.507,1.025
160,33.1,38.1,14.713,9.15,0,1.68,13.446,38.989,134.457,1.05
161,34.1,39.1,14.713,9.15,0,1.74,13.54,39.143,135.397,1.081
162,35.1,40.1,14.713,9.15,0,1.79,13.635,39.288,136.347,1.105
163,35.9,40.9,14.713,9.15,0,1.83,13.731,39.424,137.307,1.123
164,36.5,41.5,14.713,9.15,0.1,1.86,13.818,39.641,138.177,1.195
165,37.1,42.1,14.713,9.15,0.1,1.89,13.915,39.768,139.147,1.206
166,36.3,41.3,15.592,9.696,0,1.85,13.886,41.024,138.862,1.114
167,36.9,41.9,15.592,9.696,0.1,1.88,13.973,41.241,139.732,1.186
168,37.5,42.5,15.592,9.696,0.1,1.91,14.07,41.368,140.702,1.196
169,38.1,43.1,15.592,9.696,0.1,1.94,14.167,41.495,141.672,1.207
170,38.7,43.7,15.592,9.696,0.1,1.97,14.264,41.622,142.642,1.218
171,39.3,44.3,15.592,9.696,0.1,2,14.361,41.749,143.612,1.228
172,39.9,44.9,15.592,9.696,0.1,2.03,14.458,41.876,144.582,1.238
173,40.5,45.5,15.592,9.696,4.9,2.06,14.075,46.323,140.752,4.023
174,41.1,46.1,15.592,9.696,4.96,2.09,14.166,46.504,141.662,4.052
175,41.7,46.7,15.592,9.696,5.02,2.12,14.257,46.685,142.572,4.08
176,40.8,45.8,16.47,10.242,4.93,2.08,14.228,47.95,142.278,3.983
177,41.4,46.4,16.47,10.242,4.98,2.11,14.32,48.122,143.198,4.006
178,42,47,16.47,10.242,5.05,2.14,14.41,48.312,144.098,4.039
179,42.6,47.6,16.47,10.242,5.11,2.17,14.501,48.493,145.008,4.067
180,43.2,48.2,16.47,10.242,5.17,2.2,14.592,48.674,145.918,4.094
181,43.9,48.9,16.47,10.242,5.24,2.24,14.681,48.873,146.808,4.133
182,44.6,49.6,16.47,10.242,5.31,2.27,14.771,49.063,147.708,4.165
183,45.3,50.3,16.47,10.242,5.38,2.31,14.86,49.262,148.598,4.202
184,46,51,16.47,10.242,5.45,2.34,14.95,49.452,149.498,4.234
185,46.7,51.7,16.47,10.242,5.52,2.38,15.039,49.651,150.388,4.27
186,45.7,50.7,17.568,10.925,5.42,2.33,14.976,51.219,149.757,4.167
187,46.4,51.4,17.568,10.925,5.49,2.36,15.066,51.409,150.657,4.198
188,47.1,52.1,17.568,10.925,5.56,2.4,15.155,51.608,151.547,4.234
189,47.8,52.8,17.568,10.925,5.63,2.44,15.244,51.807,152.437,4.27
190,48.5,53.5,17.568,10.925,5.7,2.47,15.334,51.997,153.337,4.3
191,49.2,54.2,17.568,10.925,5.77,2.51,15.423,52.196,154.227,4.335
192,49.9,54.9,17.568,10.925,5.84,2.54,15.513,52.386,155.127,4.365
193,50.6,55.6,17.568,10.925,5.91,2.58,15.602,52.585,156.017,4.399
194,51.3,56.3,17.568,10.925,5.98,2.61,15.692,52.775,156.917,4.428
195,52,57,17.568,10.925,6.05,2.65,15.781,52.974,157.807,4.462
196,52.7,57.7,17.568,10.925,6.12,2.69,15.87,53.173,158.697,4.495
197,53.4,58.4,17.568,10.925,6.19,2.72,15.96,53.363,159.597,4.523
198,52.3,57.3,18.666,11.608,6.08,2.66,15.899,54.912,158.986,4.414
199,53,58,18.666,11.608,6.15,2.7,15.988,55.111,159.876,4.447
200,53.7,58.7,18.666,11.608,6.22,2.74,16.077,55.31,160.766,4.48
201,54.4,59.4,18.666,11.608,6.29,2.77,16.167,55.5,161.666,4.507
202,55.1,60.1,18.666,11.608,6.36,2.81,16.256,55.699,162.556,4.54
203,55.8,60.8,18.666,11.608,6.43,2.84,16.346,55.889,163.456,4.567
204,56.5,61.5,18.666,11.608,6.5,2.88,16.435,56.088,164.346,4.598
205,57.2,62.2,18.666,11.608,6.57,2.92,16.524,56.287,165.236,4.629
206,57.9,62.9,18.666,11.608,6.64,2.95,16.614,56.477,166.136,4.655
207,58.6,63.6,18.666,11.608,6.71,2.99,16.703,56.676,167.026,4.686
208,59.3,64.3,18.666,11.608,6.78,3.02,16.793,56.866,167.926,4.712
209,60,65,18.666,11.608,6.85,3.06,16.882,57.065,168.816,4.742
210,58.9,63.9,19.764,12.29,6.74,3,16.821,58.615,168.206,4.638
211,59.6,64.6,19.764,12.29,6.81,3.04,16.91,58.814,169.096,4.668
212,60.3,65.3,19.764,12.29,6.88,3.07,17,59.004,169.996,4.693
213,61,66,19.764,12.29,6.95,3.11,17.089,59.203,170.886,4.723
214,61.7,66.7,19.764,12.29,7.02,3.14,17.179,59.393,171.786,4.748
215,62.4,67.4,19.764,12.29,7.09,3.18,17.268,59.592,172.676,4.777
216,63.1,68.1,19.764,12.29,7.16,3.22,17.357,59.791,173.566,4.806
217,63.8,68.8,19.764,12.29,7.23,3.25,17.447,59.981,174.466,4.829
218,64.5,69.5,19.764,12.29,7.3,3.29,17.536,60.18,175.356,4.858
219,65.2,70.2,19.764,12.29,7.37,3.32,17.626,60.37,176.256,4.881
220,65.9,70.9,19.764,12.29,7.44,3.36,17.715,60.569,177.146,4.909
221,66.6,71.6,19.764,12.29,7.51,3.39,17.805,60.759,178.046,4.932
222,65.5,70.5,20.862,12.973,7.4,3.34,17.742,62.318,177.425,4.838
223,66.2,71.2,20.862,12.973,7.47,3.37,17.832,62.508,178.325,4.861
224,66.9,71.9,20.862,12.973,7.54,3.41,17.921,62.707,179.215,4.888
225,67.6,72.6,20.862,12.973,7.61,3.45,18.01,62.906,180.105,4.916
226,68.3,73.3,20.862,12.973,7.68,3.48,18.1,63.096,181.005,4.938
227,69,74,20.862,12.973,7.75,3.52,18.189,63.295,181.895,4.965
228,69.7,74.7,20.862,12.973,7.82,3.55,18.279,63.485,182.795,4.987
229,70.4,75.4,20.862,12.973,7.89,3.59,18.368,63.684,183.685,5.013
230,71.1,76.1,20.862,12.973,7.96,3.62,18.458,63.874,184.585,5.035
231,71.8,76.8,20.862,12.973,8.03,3.66,18.547,64.073,185.475,5.061
232,72.5,77.5,20.862,12.973,8.1,3.7,18.636,64.272,186.365,5.086
233,73.2,78.2,20.862,12.973,8.17,3.73,18.726,64.462,187.265,5.107
234,72.1,77.1,21.96,13.656,8.06,3.68,18.664,66.02,186.644,5.017
235,72.8,77.8,21.96,13.656,8.13,3.71,18.754,66.21,187.544,5.038
236,73.5,78.5,21.96,13.656,8.2,3.75,18.843,66.409,188.434,5.064
237,74.2,79.2,21.96,13.656,8.27,3.78,18.933,66.599,189.334,5.084
238,74.9,79.9,21.96,13.656,8.34,3.82,19.022,66.798,190.224,5.109
239,75.6,80.6,21.96,13.656,8.41,3.85,19.112,66.988,191.124,5.13
240,76.3,81.3,21.96,13.656,8.48,3.89,19.201,67.187,192.014,5.154
241,77,82,21.96,13.656,8.55,3.93,19.29,67.386,192.904,5.178
242,77.7,82.7,21.96,13.656,8.62,3.96,19.38,67.576,193.804,5.198
243,78.4,83.4,21.96,13.656,8.69,4,19.469,67.775,194.694,5.222
244,79.1,84.1,21.96,13.656,8.76,4.03,19.559,67.965,195.594,5.242
245,79.8,84.8,21.96,13.656,8.83,4.07,19.648,68.164,196.484,5.265
246,80.5,85.5,21.96,13.656,8.9,4.1,19.738,68.354,197.384,5.285
247,81.2,86.2,21.96,13.656,8.97,4.14,19.827,68.553,198.274,5.308
248,81.9,86.9,21.96,13.656,9.04,4.18,19.916,68.752,199.164,5.331
249,82.6,87.6,21.96,13.656,9.11,4.21,20.006,68.942,200.064,5.349
250,83.3,88.3,21.96,13.656,9.18,4.25,20.095,69.141,200.954,5.372
251,84,89,21.96,13.656,9.25,4.28,20.185,69.331,201.854,5.39
252,81.2,86.2,24.156,15.022,8.97,4.14,19.971,72.259,199.712,5.202
253,81.9,86.9,24.156,15.022,9.04,4.18,20.06,72.458,200.602,5.225
254,82.6,87.6,24.156,15.022,9.11,4.21,20.15,72.648,201.502,5.244
255,83.3,88.3,24.156,15.022,9.18,4.25,20.239,72.847,202.392,5.267
256,84,89,24.156,15.022,9.25,4.28,20.329,73.037,203.292,5.285
257,84.7,89.7,24.156,15.022,9.32,4.32,20.418,73.236,204.182,5.307
258,85.4,90.4,24.156,15.022,9.39,4.35,20.508,73.426,205.082,5.326
259,86.1,91.1,24.156,15.022,9.46,4.39,20.597,73.625,205.972,5.347
260,86.8,91.8,24.156,15.022,9.53,4.43,20.686,73.824,206.862,5.369
261,87.5,92.5,24.156,15.022,9.6,4.46,20.776,74.014,207.762,5.387
262,88.2,93.2,24.156,15.022,9.67,4.5,20.865,74.213,208.652,5.408
263,88.9,93.9,24.156,15.022,9.74,4.53,20.955,74.403,209.552,5.426
264,89.6,94.6,24.156,15.022,9.8,4.57,21.045,74.593,210.452,5.443
265,90.3,95.3,24.156,15.022,9.87,4.6,21.135,74.783,211.352,5.46
266,91,96,24.156,15.022,9.95,4.64,21.223,74.991,212.232,5.485
267,91.7,96.7,24.156,15.022,10.02,4.68,21.312,75.19,213.122,5.506
268,92.4,97.4,24.156,15.022,10.09,4.71,21.402,75.38,214.022,5.522
269,93.1,98.1,24.156,15.022,10.16,4.75,21.491,75.579,214.912,5.543
270,93.8,98.8,24.156,15.022,10.23,4.78,21.581,75.769,215.812,5.559
271,94.5,99.5,24.156,15.022,10.3,4.82,21.67,75.968,216.702,5.579
272,95.2,100.2,24.156,15.022,10.37,4.85,21.76,76.158,217.602,5.596
273,95.9,100.9,24.156,15.022,10.44,4.89,21.849,76.357,218.492,5.615
274,96.6,101.6,24.156,15.022,10.51,4.93,21.938,76.556,219.382,5.635
275,97.3,102.3,24.156,15.022,10.58,4.96,22.028,76.746,220.282,5.651
276,94.4,99.4,26.352,16.387,10.29,4.81,21.816,79.655,218.161,5.471
277,95.1,100.1,26.352,16.387,10.36,4.85,21.905,79.854,219.051,5.491
278,95.8,100.8,26.352,16.387,10.43,4.89,21.994,80.053,219.941,5.511
279,96.5,101.5,26.352,16.387,10.5,4.92,22.084,80.243,220.841,5.527
280,97.2,102.2,26.352,16.387,10.57,4.96,22.173,80.442,221.731,5.546
281,97.9,102.9,26.352,16.387,10.64,4.99,22.263,80.632,222.631,5.562
282,98.6,103.6,26.352,16.387,10.71,5.03,22.352,80.831,223.521,5.582
283,99.3,104.3,26.352,16.387,10.78,5.06,22.442,81.021,224.421,5.597
284,100,105,26.352,16.387,10.85,5.1,22.531,81.22,225.311,5.616
285,100.7,105.7,26.352,16.387,10.92,5.14,22.62,81.419,226.201,5.635
286,101.4,106.4,26.352,16.387,10.99,5.17,22.71,81.609,227.101,5.65
287,102.1,107.1,26.352,16.387,11.06,5.21,22.799,81.808,227.991,5.669
288,102.8,107.8,26.352,16.387,11.13,5.24,22.889,81.998,228.891,5.684
289,103.5,108.5,26.352,16.387,11.2,5.28,22.978,82.197,229.781,5.702
290,104.2,109.2,26.352,16.387,11.27,5.31,23.068,82.387,230.681,5.717
291,104.9,109.9,26.352,16.387,11.34,5.35,23.157,82.586,231.571,5.735
292,105.6,110.6,26.352,16.387,11.41,5.39,23.246,82.785,232.461,5.753
293,106.3,111.3,26.352,16.387,11.48,5.42,23.336,82.975,233.361,5.768
294,107,112,26.352,16.387,11.55,5.46,23.425,83.174,234.251,5.786
295,107.7,112.7,26.352,16.387,11.62,5.49,23.515,83.364,235.151,5.8
296,108.4,113.4,26.352,16.387,11.69,5.53,23.604,83.563,236.041,5.818
297,109.1,114.1,26.352,16.387,11.76,5.56,23.694,83.753,236.941,5.832
298,109.8,114.8,26.352,16.387,11.83,5.6,23.783,83.952,237.831,5.849
299,110.5,115.5,26.352,16.387,11.9,5.64,23.872,84.151,238.721,5.866
300,107.6,112.6,28.548,17.753,11.61,5.49,23.66,87.061,236.599,5.7
301,108.3,113.3,28.548,17.753,11.68,5.52,23.75,87.251,237.499,5.714
302,109,114,28.548,17.753,11.75,5.56,23.839,87.45,238.389,5.732
303,109.7,114.7,28.548,17.753,11.82,5.6,23.928,87.649,239.279,5.749
304,110.4,115.4,28.548,17.753,11.89,5.63,24.018,87.839,240.179,5.763
305,111.1,116.1,28.548,17.753,11.96,5.67,24.107,88.038,241.069,5.78
306,111.8,116.8,28.548,17.753,12.03,5.7,24.197,88.228,241.969,5.794
307,112.5,117.5,28.548,17.753,12.1,5.74,24.286,88.427,242.859,5.811
308,113.2,118.2,28.548,17.753,12.17,5.77,24.376,88.617,243.759,5.825
309,113.9,118.9,28.548,17.753,12.24,5.81,24.465,88.816,244.649,5.841
310,114.6,119.6,28.548,17.753,12.31,5.85,24.554,89.015,245.539,5.858
311,115.3,120.3,28.548,17.753,12.38,5.88,24.644,89.205,246.439,5.871
312,116,121,28.548,17.753,12.45,5.92,24.733,89.404,247.329,5.888
313,116.7,121.7,28.548,17.753,12.52,5.95,24.823,89.594,248.229,5.901
314,117.4,122.4,28.548,17.753,12.59,5.99,24.912,89.793,249.119,5.917
315,118.1,123.1,28.548,17.753,12.66,6.02,25.002,89.983,250.019,5.93
316,118.8,123.8,28.548,17.753,12.73,6.06,25.091,90.182,250.909,5.946
317,119.5,124.5,28.548,17.753,12.8,6.1,25.18,90.381,251.799,5.962
318,120.2,125.2,28.548,17.753,12.87,6.13,25.27,90.571,252.699,5.975
319,120.9,125.9,28.548,17.753,12.94,6.17,25.359,90.77,253.589,5.991
320,121.6,126.6,28.548,17.753,13.01,6.2,25.449,90.96,254.489,6.003
321,122.3,127.3,28.548,17.753,13.08,6.24,25.538,91.159,255.379,6.019
322,123,128,28.548,17.753,13.15,6.27,25.628,91.349,256.279,6.031
323,123.7,128.7,28.548,17.753,13.22,6.31,25.717,91.548,257.169,6.046
324,120.9,125.9,30.744,19.118,12.94,6.17,25.503,94.475,255.028,5.898
325,121.6,126.6,30.744,19.118,13.01,6.2,25.593,94.665,255.928,5.911
326,122.3,127.3,30.744,19.118,13.08,6.24,25.682,94.864,256.818,5.926
327,123,128,30.744,19.118,13.15,6.27,25.772,95.054,257.718,5.939
328,123.7,128.7,30.744,19.118,13.22,6.31,25.861,95.253,258.608,5.954
329,124.4,129.4,30.744,19.118,13.29,6.35,25.95,95.452,259.498,5.97
330,125.1,130.1,30.744,19.118,13.36,6.38,26.04,95.642,260.398,5.982
331,125.8,130.8,30.744,19.118,13.43,6.42,26.129,95.841,261.288,5.997
332,126.5,131.5,30.744,19.118,13.5,6.45,26.219,96.031,262.188,6.009
333,127.2,132.2,30.744,19.118,13.57,6.49,26.308,96.23,263.078,6.024
334,127.9,132.9,30.744,19.118,13.64,6.52,26.398,96.42,263.978,6.036
335,128.6,133.6,30.744,19.118,13.71,6.56,26.487,96.619,264.868,6.051
336,129.3,134.3,30.744,19.118,13.78,6.6,26.576,96.818,265.758,6.065
337,130,135,30.744,19.118,13.85,6.63,26.666,97.008,266.658,6.077
338,130.7,135.7,30.744,19.118,13.92,6.67,26.755,97.207,267.548,6.092
339,131.4,136.4,30.744,19.118,13.99,6.7,26.845,97.397,268.448,6.103
340,132.1,137.1,30.744,19.118,14.06,6.74,26.934,97.596,269.338,6.118
341,132.8,137.8,30.744,19.118,14.13,6.77,27.024,97.786,270.238,6.129
342,133.5,138.5,30.744,19.118,14.2,6.81,27.113,97.985,271.128,6.143
343,134.2,139.2,30.744,19.118,14.27,6.85,27.202,98.184,272.018,6.157
344,134.9,139.9,30.744,19.118,14.34,6.88,27.292,98.374,272.918,6.169
345,135.6,140.6,30.744,19.118,14.41,6.92,27.381,98.573,273.808,6.183
346,136.3,141.3,30.744,19.118,14.48,6.95,27.471,98.763,274.708,6.194
347,137,142,30.744,19.118,14.55,6.99,27.56,98.962,275.598,6.207
348,134.1,139.1,32.94,20.484,14.26,6.84,27.348,101.872,273.476,6.063
349,134.8,139.8,32.94,20.484,14.33,6.88,27.437,102.071,274.366,6.077
350,135.5,140.5,32.94,20.484,14.4,6.91,27.527,102.261,275.266,6.089
351,136.2,141.2,32.94,20.484,14.47,6.95,27.616,102.46,276.156,6.103
352,136.9,141.9,32.94,20.484,14.54,6.98,27.706,102.65,277.056,6.114
353,137.6,142.6,32.94,20.484,14.61,7.02,27.795,102.849,277.946,6.127
354,138.3,143.3,32.94,20.484,14.68,7.06,27.884,103.048,278.836,6.141
355,139,144,32.94,20.484,14.75,7.09,27.974,103.238,279.736,6.152
356,139.7,144.7,32.94,20.484,14.82,7.13,28.063,103.437,280.626,6.166
357,140.4,145.4,32.94,20.484,14.89,7.16,28.153,103.627,281.526,6.176
358,141.1,146.1,32.94,20.484,14.96,7.2,28.242,103.826,282.416,6.19
359,141.8,146.8,32.94,20.484,15.03,7.23,28.332,104.016,283.316,6.201
360,142.5,147.5,32.94,20.484,15.1,7.27,28.421,104.215,284.206,6.214
361,143.3,148.3,32.94,20.484,15.18,7.31,28.509,104.423,285.086,6.23
362,144.1,149.1,32.94,20.484,15.26,7.35,28.597,104.631,285.966,6.246
363,144.9,149.9,32.94,20.484,15.34,7.39,28.685,104.839,286.846,6.262
364,145.7,150.7,32.94,20.484,15.42,7.43,28.773,105.047,287.726,6.277
365,146.5,151.5,32.94,20.484,15.5,7.47,28.861,105.255,288.606,6.293
366,147.3,152.3,32.94,20.484,15.58,7.51,28.949,105.463,289.486,6.309
367,148.1,153.1,32.94,20.484,15.66,7.56,29.036,105.68,290.356,6.327
368,148.9,153.9,32.94,20.484,15.74,7.6,29.124,105.888,291.236,6.342
369,149.7,154.7,32.94,20.484,15.82,7.64,29.212,106.096,292.116,6.358
370,150.5,155.5,32.94,20.484,15.9,7.68,29.3,106.304,292.996,6.373
371,151.3,156.3,32.94,20.484,15.98,7.72,29.388,106.512,293.876,6.388
372,148.6,153.6,35.136,21.85,15.71,7.58,29.172,109.448,291.724,6.261
373,149.4,154.4,35.136,21.85,15.79,7.62,29.26,109.656,292.604,6.276
374,150.2,155.2,35.136,21.85,15.87,7.66,29.348,109.864,293.484,6.291
375,151,156,35.136,21.85,15.95,7.7,29.436,110.072,294.364,6.307
376,151.8,156.8,35.136,21.85,16.03,7.74,29.524,110.28,295.244,6.322
377,152.6,157.6,35.136,21.85,16.11,7.79,29.611,110.497,296.114,6.34
378,153.4,158.4,35.136,21.85,16.19,7.83,29.699,110.705,296.994,6.354
379,154.2,159.2,35.136,21.85,16.27,7.87,29.787,110.913,297.874,6.369
380,155,160,35.136,21.85,16.35,7.91,29.875,111.121,298.754,6.384
381,155.8,160.8,35.136,21.85,16.43,7.95,29.963,111.329,299.634,6.399
382,156.6,161.6,35.136,21.85,16.51,7.99,30.051,111.537,300.514,6.414
383,157.4,162.4,35.136,21.85,16.59,8.03,30.139,111.745,301.394,6.428
384,158.2,163.2,35.136,21.85,16.67,8.07,30.227,111.953,302.274,6.443
385,159,164,35.136,21.85,16.75,8.11,30.315,112.161,303.154,6.457
386,159.8,164.8,35.136,21.85,16.83,8.15,30.403,112.369,304.034,6.472
387,160.6,165.6,35.136,21.85,16.9,8.19,30.492,112.568,304.924,6.483
388,161.4,166.4,35.136,21.85,16.99,8.23,30.579,112.785,305.794,6.5
389,162.2,167.2,35.136,21.85,17.07,8.28,30.666,113.002,306.664,6.517
390,163,168,35.136,21.85,17.15,8.32,30.754,113.21,307.544,6.531
391,163.8,168.8,35.136,21.85,17.23,8.36,30.842,113.418,308.424,6.545
392,164.6,169.6,35.136,21.85,17.31,8.4,30.93,113.626,309.304,6.559
393,165.4,170.4,35.136,21.85,17.39,8.44,31.018,113.834,310.184,6.573
394,166.2,171.2,35.136,21.85,17.47,8.48,31.106,114.042,311.064,6.586
395,167,172,35.136,21.85,17.55,8.52,31.194,114.25,311.944,6.6
396,164.2,169.2,37.332,23.215,17.26,8.38,30.981,117.168,309.813,6.475
397,165,170,37.332,23.215,17.35,8.42,31.068,117.385,310.683,6.491
398,165.8,170.8,37.332,23.215,17.43,8.46,31.156,117.593,311.563,6.505
399,166.6,171.6,37.332,23.215,17.51,8.5,31.244,117.801,312.443,6.519
400,167.4,172.4,37.332,23.215,17.59,8.54,31.332,118.009,313.323,6.532
401,168.2,173.2,37.332,23.215,17.67,8.58,31.42,118.217,314.203,6.546
402,169,174,37.332,23.215,17.75,8.62,31.508,118.425,315.083,6.56
403,169.8,174.8,37.332,23.215,17.83,8.66,31.596,118.633,315.963,6.573
404,170.6,175.6,37.332,23.215,17.9,8.7,31.685,118.832,316.853,6.584
405,171.4,176.4,37.332,23.215,17.99,8.74,31.772,119.049,317.723,6.6
406,172.2,177.2,37.332,23.215,18.07,8.79,31.859,119.266,318.593,6.616
407,173,178,37.332,23.215,18.15,8.83,31.947,119.474,319.473,6.629
408,173.8,178.8,37.332,23.215,18.23,8.87,32.035,119.682,320.353,6.642
409,174.6,179.6,37.332,23.215,18.31,8.91,32.123,119.89,321.233,6.655
410,175.4,180.4,37.332,23.215,18.39,8.95,32.211,120.098,322.113,6.668
411,176.2,181.2,37.332,23.215,18.47,8.99,32.299,120.306,322.993,6.681
412,177,182,37.332,23.215,18.55,9.03,32.387,120.514,323.873,6.694
413,177.8,182.8,37.332,23.215,18.63,9.07,32.475,120.722,324.753,6.707
414,178.6,183.6,37.332,23.215,18.71,9.11,32.563,120.93,325.633,6.72
415,179.4,184.4,37.332,23.215,18.79,9.15,32.651,121.138,326.513,6.733
416,180.2,185.2,37.332,23.215,18.87,9.19,32.739,121.346,327.393,6.745
417,181,186,37.332,23.215,18.95,9.24,32.826,121.563,328.263,6.76
418,181.8,186.8,37.332,23.215,19.03,9.28,32.914,121.771,329.143,6.773
419,182.6,187.6,37.332,23.215,19.11,9.32,33.002,121.979,330.023,6.785
420,179.8,184.8,39.528,24.581,18.83,9.17,32.789,124.898,327.891,6.667
421,180.6,185.6,39.528,24.581,18.9,9.21,32.878,125.097,328.781,6.677
422,181.4,186.4,39.528,24.581,18.99,9.26,32.964,125.323,329.641,6.694
423,182.2,187.2,39.528,24.581,19.07,9.3,33.052,125.531,330.521,6.707
424,183,188,39.528,24.581,19.15,9.34,33.14,125.739,331.401,6.719
425,183.8,188.8,39.528,24.581,19.23,9.38,33.228,125.947,332.281,6.732
426,184.6,189.6,39.528,24.581,19.31,9.42,33.316,126.155,333.161,6.744
427,185.4,190.4,39.528,24.581,19.39,9.46,33.404,126.363,334.041,6.756
428,186.2,191.2,39.528,24.581,19.47,9.5,33.492,126.571,334.921,6.769
429,187,192,39.528,24.581,19.55,9.54,33.58,126.779,335.801,6.781
430,187.8,192.8,39.528,24.581,19.63,9.58,33.668,126.987,336.681,6.793
431,188.6,193.6,39.528,24.581,19.71,9.62,33.756,127.195,337.561,6.805
432,189.4,194.4,39.528,24.581,19.79,9.66,33.844,127.403,338.441,6.817
433,190.2,195.2,39.528,24.581,19.87,9.7,33.932,127.611,339.321,6.829
434,191,196,39.528,24.581,19.95,9.75,34.019,127.828,340.191,6.843
435,191.8,196.8,39.528,24.581,20.03,9.79,34.107,128.036,341.071,6.855
436,192.6,197.6,39.528,24.581,20.11,9.83,34.195,128.244,341.951,6.867
437,193.4,198.4,39.528,24.581,20.19,9.87,34.283,128.452,342.831,6.879
438,194.2,199.2,39.528,24.581,20.27,9.91,34.371,128.66,343.711,6.89
439,195,200,39.528,24.581,20.35,9.95,34.459,128.868,344.591,6.902
440,195.8,200.8,39.528,24.581,20.43,10.03,34.543,129.112,345.431,6.923
441,196.6,201.6,39.528,24.581,20.51,10.11,34.627,129.356,346.271,6.943
442,197.4,202.4,39.528,24.581,20.59,10.19,34.711,129.6,347.111,6.964
443,198.2,203.2,39.528,24.581,20.67,10.28,34.794,129.853,347.941,6.986
444,195.5,200.5,41.724,25.946,20.4,10,34.593,132.663,345.93,6.847
445,196.3,201.3,41.724,25.946,20.48,10.08,34.677,132.907,346.77,6.867
446,197.1,202.1,41.724,25.946,20.56,10.16,34.761,133.151,347.61,6.888
447,197.9,202.9,41.724,25.946,20.64,10.25,34.844,133.404,348.44,6.911
448,198.7,203.7,41.724,25.946,20.72,10.33,34.928,133.648,349.28,6.931
449,199.5,204.5,41.724,25.946,20.8,10.41,35.012,133.892,350.12,6.951
450,200.3,205.3,41.724,25.946,20.88,10.49,35.096,134.136,350.96,6.971
451,201.1,206.1,41.724,25.946,20.96,10.57,35.18,134.38,351.8,6.991
452,201.9,206.9,41.724,25.946,21.04,10.65,35.264,134.624,352.64,7.011
453,202.7,207.7,41.724,25.946,21.12,10.74,35.347,134.877,353.47,7.033
454,203.5,208.5,41.724,25.946,21.2,10.82,35.431,135.121,354.31,7.053
455,204.3,209.3,41.724,25.946,21.28,10.9,35.515,135.365,355.15,7.073
456,205.1,210.1,41.724,25.946,21.36,10.98,35.599,135.609,355.99,7.092
457,205.9,210.9,41.724,25.946,21.44,11.06,35.683,135.853,356.83,7.112
458,206.7,211.7,41.724,25.946,21.52,11.14,35.767,136.097,357.67,7.131
459,207.5,212.5,41.724,25.946,21.6,11.23,35.85,136.35,358.5,7.153
460,208.3,213.3,41.724,25.946,21.68,11.31,35.934,136.594,359.34,7.172
461,209.1,214.1,41.724,25.946,21.76,11.39,36.018,136.838,360.18,7.191
462,209.9,214.9,41.724,25.946,21.84,11.47,36.102,137.082,361.02,7.21
463,210.7,215.7,41.724,25.946,21.92,11.55,36.186,137.326,361.86,7.229
464,211.5,216.5,41.724,25.946,22,11.63,36.27,137.57,362.7,7.248
465,212.3,217.3,41.724,25.946,22.08,11.72,36.353,137.823,363.53,7.269
466,213.1,218.1,41.724,25.946,22.16,11.8,36.437,138.067,364.37,7.288
467,213.9,218.9,41.724,25.946,22.24,11.88,36.521,138.311,365.21,7.306
468,214.7,219.7,41.724,25.946,22.32,11.96,36.605,138.555,366.05,7.325
469,215.5,220.5,41.724,25.946,22.4,12.04,36.689,138.799,366.89,7.343
470,216.3,221.3,41.724,25.946,22.48,12.12,36.773,139.043,367.73,7.362
471,217.1,222.1,41.724,25.946,22.56,12.21,36.856,139.296,368.56,7.382
472,217.9,222.9,41.724,25.946,22.64,12.29,36.94,139.54,369.4,7.4
473,218.7,223.7,41.724,25.946,22.72,12.37,37.024,139.784,370.24,7.419
474,214.1,219.1,45.018,27.995,22.26,11.9,36.683,143.856,366.827,7.207
475,214.9,219.9,45.018,27.995,22.34,11.98,36.767,144.1,367.667,7.225
476,215.7,220.7,45.018,27.995,22.42,12.06,36.851,144.344,368.507,7.244
477,216.5,221.5,45.018,27.995,22.5,12.14,36.935,144.588,369.347,7.262
478,217.3,222.3,45.018,27.995,22.58,12.23,37.018,144.841,370.177,7.282
479,218.1,223.1,45.018,27.995,22.66,12.31,37.102,145.085,371.017,7.301
480,218.9,223.9,45.018,27.995,22.74,12.39,37.186,145.329,371.857,7.319
481,219.7,224.7,45.018,27.995,22.82,12.47,37.27,145.573,372.697,7.337
482,220.5,225.5,45.018,27.995,22.9,12.55,37.354,145.817,373.537,7.355
483,221.3,226.3,45.018,27.995,22.98,12.63,37.438,146.061,374.377,7.373
484,222.1,227.1,45.018,27.995,23.06,12.72,37.521,146.314,375.207,7.393
485,222.9,227.9,45.018,27.995,23.14,12.8,37.605,146.558,376.047,7.41
486,223.7,228.7,45.018,27.995,23.22,12.88,37.689,146.802,376.887,7.428
487,224.5,229.5,45.018,27.995,23.3,12.96,37.773,147.046,377.727,7.446
488,225.3,230.3,45.018,27.995,23.38,13.04,37.857,147.29,378.567,7.463
489,226.1,231.1,45.018,27.995,23.46,13.13,37.94,147.543,379.397,7.483
490,226.9,231.9,45.018,27.995,23.54,13.21,38.024,147.787,380.237,7.5
491,227.7,232.7,45.018,27.995,23.62,13.29,38.108,148.031,381.077,7.517
492,228.5,233.5,45.018,27.995,23.7,13.37,38.192,148.275,381.917,7.535
493,229.3,234.3,45.018,27.995,23.78,13.45,38.276,148.519,382.757,7.552
494,230.1,235.1,45.018,27.995,23.86,13.53,38.36,148.763,383.597,7.569
495,230.9,235.9,45.018,27.995,23.94,13.62,38.443,149.016,384.427,7.588
496,231.7,236.7,45.018,27.995,24.02,13.7,38.527,149.26,385.267,7.605
497,232.5,237.5,45.018,27.995,24.1,13.78,38.611,149.504,386.107,7.622
498,233.3,238.3,45.018,27.995,24.18,13.86,38.695,149.748,386.947,7.639
499,234.1,239.1,45.018,27.995,24.26,13.94,38.779,149.992,387.787,7.655
500,234.9,239.9,45.018,27.995,24.34,14.02,38.863,150.236,388.627,7.672
501,235.7,240.7,45.018,27.995,24.42,14.11,38.946,150.489,389.457,7.691
502,236.5,241.5,45.018,27.995,24.5,14.19,39.03,150.733,390.297,7.707
503,237.3,242.3,45.018,27.995,24.58,14.27,39.114,150.977,391.137,7.724
504,238.1,243.1,45.018,27.995,24.66,14.35,39.198,151.221,391.977,7.74
505,238.9,243.9,45.018,27.995,24.74,14.43,39.282,151.465,392.817,7.756
506,239.7,244.7,45.018,27.995,24.82,14.51,39.366,151.709,393.657,7.773
507,240.5,245.5,45.018,27.995,24.9,14.6,39.449,151.962,394.487,7.791
508,241.3,246.3,45.018,27.995,24.98,14.68,39.533,152.206,395.327,7.807
509,242.1,247.1,45.018,27.995,25.06,14.76,39.617,152.45,396.167,7.823
510,237.6,242.6,48.312,30.043,24.61,14.3,39.273,156.539,392.735,7.629
511,238.4,243.4,48.312,30.043,24.69,14.38,39.357,156.783,393.575,7.646
512,239.2,244.2,48.312,30.043,24.77,14.46,39.441,157.027,394.415,7.662
513,240,245,48.312,30.043,24.85,14.54,39.525,157.271,395.255,7.678
514,240.8,245.8,48.312,30.043,24.93,14.63,39.608,157.524,396.085,7.696
515,241.6,246.6,48.312,30.043,25.01,14.71,39.692,157.768,396.925,7.713
516,242.4,247.4,48.312,30.043,25.09,14.79,39.776,158.012,397.765,7.729
517,243.2,248.2,48.312,30.043,25.17,14.87,39.86,158.256,398.605,7.745
518,244,249,48.312,30.043,25.25,14.95,39.944,158.5,399.445,7.761
519,244.8,249.8,48.312,30.043,25.33,15.03,40.028,158.744,400.285,7.776
520,245.6,250.6,48.312,30.043,25.41,15.12,40.111,158.997,401.115,7.794
521,246.4,251.4,48.312,30.043,25.49,15.2,40.195,159.241,401.955,7.81
522,247.2,252.2,48.312,30.043,25.57,15.28,40.279,159.485,402.795,7.826
523,248,253,48.312,30.043,25.65,15.36,40.363,159.729,403.635,7.841
524,248.8,253.8,48.312,30.043,25.73,15.44,40.447,159.973,404.475,7.857
525,249.6,254.6,48.312,30.043,25.81,15.52,40.531,160.217,405.315,7.872
526,250.4,255.4,48.312,30.043,25.89,15.61,40.614,160.47,406.145,7.89
527,251.2,256.2,48.312,30.043,25.97,15.69,40.698,160.714,406.985,7.905
528,252,257,48.312,30.043,26.05,15.77,40.782,160.958,407.825,7.92
529,252.8,257.8,48.312,30.043,26.13,15.85,40.866,161.202,408.665,7.936
530,253.6,258.6,48.312,30.043,26.21,15.93,40.95,161.446,409.505,7.951
531,254.4,259.4,48.312,30.043,26.29,16.01,41.034,161.69,410.345,7.966
532,255.2,260.2,48.312,30.043,26.37,16.1,41.117,161.943,411.175,7.983
533,256,261,48.312,30.043,26.45,16.18,41.201,162.187,412.015,7.998
534,256.8,261.8,48.312,30.043,26.53,16.26,41.285,162.431,412.855,8.013
535,257.6,262.6,48.312,30.043,26.61,16.34,41.369,162.675,413.695,8.028
536,258.4,263.4,48.312,30.043,26.69,16.42,41.453,162.919,414.535,8.043
537,259.2,264.2,48.312,30.043,26.77,16.5,41.537,163.163,415.375,8.058
538,260,265,48.312,30.043,26.85,16.59,41.62,163.416,416.205,8.074
539,260.8,265.8,48.312,30.043,26.93,16.67,41.704,163.66,417.045,8.089
540,261.6,266.6,48.312,30.043,27.01,16.75,41.788,163.904,417.885,8.104
541,262.4,267.4,48.312,30.043,27.09,16.83,41.872,164.148,418.725,8.118
542,263.2,268.2,48.312,30.043,27.17,16.91,41.956,164.392,419.565,8.133
543,264,269,48.312,30.043,27.25,16.99,42.04,164.636,420.405,8.147
544,264.8,269.8,48.312,30.043,27.33,17.08,42.123,164.889,421.235,8.164
545,265.6,270.6,48.312,30.043,27.41,17.16,42.207,165.133,422.075,8.178
546,261.1,266.1,51.606,32.092,26.96,16.7,41.864,169.222,418.642,7.996
547,261.9,266.9,51.606,32.092,27.04,16.78,41.948,169.466,419.482,8.011
548,262.7,267.7,51.606,32.092,27.12,16.86,42.032,169.71,420.322,8.026
549,263.5,268.5,51.606,32.092,27.2,16.94,42.116,169.954,421.162,8.04
550,264.3,269.3,51.606,32.092,27.28,17.03,42.199,170.207,421.992,8.056
551,265.1,270.1,51.606,32.092,27.36,17.11,42.283,170.451,422.832,8.071
552,265.9,270.9,51.606,32.092,27.44,17.19,42.367,170.695,423.672,8.085
553,266.7,271.7,51.606,32.092,27.52,17.27,42.451,170.939,424.512,8.099
554,267.5,272.5,51.606,32.092,27.6,17.35,42.535,171.183,425.352,8.114
555,268.3,273.3,51.606,32.092,27.68,17.43,42.619,171.427,426.192,8.128
556,269.1,274.1,51.606,32.092,27.76,17.52,42.702,171.68,427.022,8.144
557,269.9,274.9,51.606,32.092,27.84,17.6,42.786,171.924,427.862,8.158
558,270.7,275.7,51.606,32.092,27.92,17.68,42.87,172.168,428.702,8.172
559,271.5,276.5,51.606,32.092,28,17.76,42.954,172.412,429.542,8.186
560,272.3,277.3,51.606,32.092,28.08,17.84,43.038,172.656,430.382,8.2
561,273.1,278.1,51.606,32.092,28.16,17.92,43.122,172.9,431.222,8.214
562,273.9,278.9,51.606,32.092,28.24,18.01,43.205,173.153,432.052,8.23
563,274.7,279.7,51.606,32.092,28.32,18.09,43.289,173.397,432.892,8.243
564,275.5,280.5,51.606,32.092,28.4,18.17,43.373,173.641,433.732,8.257
565,276.3,281.3,51.606,32.092,28.48,18.25,43.457,173.885,434.572,8.271
566,277.1,282.1,51.606,32.092,28.56,18.33,43.541,174.129,435.412,8.284
567,277.9,282.9,51.606,32.092,28.64,18.41,43.625,174.373,436.252,8.298
568,278.7,283.7,51.606,32.092,28.72,18.5,43.708,174.626,437.082,8.313
569,279.5,284.5,51.606,32.092,28.8,18.58,43.792,174.87,437.922,8.327
570,280.3,285.3,51.606,32.092,28.88,18.66,43.876,175.114,438.762,8.34
571,281.1,286.1,51.606,32.092,28.96,18.74,43.96,175.358,439.602,8.354
572,281.9,286.9,51.606,32.092,29.04,18.82,44.044,175.602,440.442,8.367
573,282.7,287.7,51.606,32.092,29.12,18.9,44.128,175.846,441.282,8.38
574,283.5,288.5,51.606,32.092,29.2,18.99,44.211,176.099,442.112,8.395
575,284.3,289.3,51.606,32.092,29.28,19.07,44.295,176.343,442.952,8.409
576,285.1,290.1,51.606,32.092,29.36,19.15,44.379,176.587,443.792,8.422
577,285.9,290.9,51.606,32.092,29.44,19.23,44.463,176.831,444.632,8.435
578,286.7,291.7,51.606,32.092,29.52,19.31,44.547,177.075,445.472,8.448
579,287.5,292.5,51.606,32.092,29.6,19.39,44.631,177.319,446.312,8.461
580,288.3,293.3,51.606,32.092,29.68,19.48,44.714,177.572,447.142,8.476
581,289.1,294.1,51.606,32.092,29.76,19.56,44.798,177.816,447.982,8.489
582,284.5,289.5,54.9,34.14,29.3,19.09,44.457,181.887,444.57,8.314
583,285.3,290.3,54.9,34.14,29.38,19.17,44.541,182.131,445.41,8.328
584,286.1,291.1,54.9,34.14,29.46,19.25,44.625,182.375,446.25,8.341
585,286.9,291.9,54.9,34.14,29.54,19.33,44.709,182.619,447.09,8.354
586,287.7,292.7,54.9,34.14,29.62,19.41,44.793,182.863,447.93,8.367
587,288.5,293.5,54.9,34.14,29.7,19.5,44.876,183.116,448.76,8.382
588,289.3,294.3,54.9,34.14,29.78,19.58,44.96,183.36,449.6,8.395
589,290.1,295.1,54.9,34.14,29.86,19.66,45.044,183.604,450.44,8.407
590,290.9,295.9,54.9,34.14,29.94,19.74,45.128,183.848,451.28,8.42
591,291.7,296.7,54.9,34.14,30.02,19.82,45.212,184.092,452.12,8.433
592,292.5,297.5,54.9,34.14,30.1,19.9,45.296,184.336,452.96,8.446
593,293.3,298.3,54.9,34.14,30.18,19.99,45.379,184.589,453.79,8.46
594,294.1,299.1,54.9,34.14,30.26,20.07,45.463,184.833,454.63,8.473
595,294.9,299.9,54.9,34.14,30.34,20.15,45.547,185.077,455.47,8.486
596,295.7,300.7,54.9,34.14,30.42,20.23,45.631,185.321,456.31,8.498
597,296.5,301.5,54.9,34.14,30.5,20.31,45.715,185.565,457.15,8.511
598,297.3,302.3,54.9,34.14,30.58,20.39,45.799,185.809,457.99,8.523
599,298.1,303.1,54.9,34.14,30.66,20.48,45.882,186.062,458.82,8.538
600,298.9,303.9,54.9,34.14,30.74,20.56,45.966,186.306,459.66,8.55
601,299.7,304.7,54.9,34.14,30.82,20.64,46.05,186.55,460.5,8.562
602,300.5,305.5,54.9,34.14,30.9,20.72,46.134,186.794,461.34,8.575
603,301.3,306.3,54.9,34.14,30.98,20.8,46.218,187.038,462.18,8.587
604,302.1,307.1,54.9,34.14,31.06,20.88,46.302,187.282,463.02,8.599
605,302.9,307.9,54.9,34.14,31.14,20.97,46.385,187.535,463.85,8.613
606,303.7,308.7,54.9,34.14,31.22,21.05,46.469,187.779,464.69,8.625
607,304.5,309.5,54.9,34.14,31.3,21.13,46.553,188.023,465.53,8.638
608,305.3,310.3,54.9,34.14,31.38,21.21,46.637,188.267,466.37,8.65
609,306.1,311.1,54.9,34.14,31.46,21.29,46.721,188.511,467.21,8.662
610,306.9,311.9,54.9,34.14,31.54,21.37,46.805,188.755,468.05,8.674
611,307.7,312.7,54.9,34.14,31.62,21.46,46.888,189.008,468.88,8.687
612,308.5,313.5,54.9,34.14,31.7,21.54,46.972,189.252,469.72,8.699
613,309.3,314.3,54.9,34.14,31.78,21.62,47.056,189.496,470.56,8.711
614,310.1,315.1,54.9,34.14,31.86,21.7,47.14,189.74,471.4,8.723
615,310.9,315.9,54.9,34.14,31.94,21.78,47.224,189.984,472.24,8.735
616,311.7,316.7,54.9,34.14,32.02,21.86,47.308,190.228,473.08,8.747
617,312.5,317.5,54.9,34.14,32.1,21.95,47.391,190.481,473.91,8.76
618,308,313,58.194,36.188,31.65,21.49,47.048,194.57,470.478,8.599
619,308.8,313.8,58.194,36.188,31.73,21.57,47.132,194.814,471.318,8.611
620,309.6,314.6,58.194,36.188,31.81,21.65,47.216,195.058,472.158,8.623
621,310.4,315.4,58.194,36.188,31.89,21.73,47.3,195.302,472.998,8.634
622,311.2,316.2,58.194,36.188,31.97,21.81,47.384,195.546,473.838,8.646
623,312,317,58.194,36.188,32.05,21.9,47.467,195.799,474.668,8.66
624,312.8,317.8,58.194,36.188,32.13,21.98,47.551,196.043,475.508,8.671
625,313.6,318.6,58.194,36.188,32.21,22.06,47.635,196.287,476.348,8.683
626,314.4,319.4,58.194,36.188,32.29,22.14,47.719,196.531,477.188,8.695
627,315.2,320.2,58.194,36.188,32.37,22.22,47.803,196.775,478.028,8.707
628,316,321,58.194,36.188,32.45,22.3,47.887,197.019,478.868,8.718
629,316.8,321.8,58.194,36.188,32.53,22.39,47.97,197.272,479.698,8.731
630,317.6,322.6,58.194,36.188,32.61,22.47,48.054,197.516,480.538,8.743
631,318.4,323.4,58.194,36.188,32.68,22.55,48.139,197.751,481.388,8.753
632,319.2,324.2,58.194,36.188,32.77,22.63,48.222,198.004,482.218,8.766
633,320,325,58.194,36.188,32.85,22.71,48.306,198.248,483.058,8.777
634,320.8,325.8,58.194,36.188,32.93,22.79,48.39,198.492,483.898,8.789
635,321.6,326.6,58.194,36.188,33.01,22.88,48.473,198.745,484.728,8.802
636,322.4,327.4,58.194,36.188,33.09,22.96,48.557,198.989,485.568,8.813
637,323.2,328.2,58.194,36.188,33.17,23.04,48.641,199.233,486.408,8.824
638,324,329,58.194,36.188,33.25,23.12,48.725,199.477,487.248,8.835
639,324.8,329.8,58.194,36.188,33.33,23.2,48.809,199.721,488.088,8.847
640,325.6,330.6,58.194,36.188,33.41,23.28,48.893,199.965,488.928,8.858
641,326.4,331.4,58.194,36.188,33.49,23.37,48.976,200.218,489.758,8.871
642,327.2,332.2,58.194,36.188,33.57,23.45,49.06,200.462,490.598,8.882
643,328,333,58.194,36.188,33.65,23.53,49.144,200.706,491.438,8.893
644,328.8,333.8,58.194,36.188,33.73,23.61,49.228,200.95,492.278,8.904
645,329.6,334.6,58.194,36.188,33.81,23.69,49.312,201.194,493.118,8.915
646,330.4,335.4,58.194,36.188,33.89,23.81,49.392,201.474,493.918,8.932
647,331.2,336.2,58.194,36.188,33.96,23.98,49.468,201.79,494.678,8.955
648,332,337,58.194,36.188,34.05,24.14,49.543,202.115,495.428,8.98
649,332.8,337.8,58.194,36.188,34.13,24.31,49.618,202.44,496.178,9.005
650,333.6,338.6,58.194,36.188,34.21,24.47,49.694,202.756,496.938,9.028
651,334.4,339.4,58.194,36.188,34.29,24.63,49.77,203.072,497.698,9.051
652,335.2,340.2,58.194,36.188,34.37,24.8,49.845,203.397,498.448,9.075
653,336,341,58.194,36.188,34.45,24.96,49.921,203.713,499.208,9.098
654,331.4,336.4,61.488,38.237,33.99,24.02,49.627,207.361,496.265,8.87
655,332.2,337.2,61.488,38.237,34.07,24.18,49.703,207.677,497.025,8.893
656,333,338,61.488,38.237,34.15,24.35,49.778,208.002,497.775,8.918
657,333.8,338.8,61.488,38.237,34.23,24.51,49.854,208.318,498.535,8.941
658,334.6,339.6,61.488,38.237,34.31,24.67,49.93,208.634,499.295,8.964
659,335.4,340.4,61.488,38.237,34.39,24.84,50.005,208.959,500.045,8.988
660,336.2,341.2,61.488,38.237,34.46,25,50.082,209.266,500.815,9.009
661,337.1,342.1,61.488,38.237,34.56,25.18,50.154,209.618,501.535,9.038
662,338,343,61.488,38.237,34.65,25.37,50.226,209.97,502.255,9.066
663,338.9,343.9,61.488,38.237,34.74,25.55,50.299,210.313,502.985,9.094
664,339.8,344.8,61.488,38.237,34.83,25.73,50.372,210.656,503.715,9.12
665,340.7,345.7,61.488,38.237,34.92,25.92,50.444,211.008,504.435,9.149
666,341.6,346.6,61.488,38.237,35.01,26.1,50.517,211.351,505.165,9.176
667,342.5,347.5,61.488,38.237,35.1,26.29,50.589,211.703,505.885,9.204
668,343.4,348.4,61.488,38.237,35.18,26.47,50.663,212.037,506.625,9.229
669,344.3,349.3,61.488,38.237,35.28,26.65,50.735,212.389,507.345,9.257
670,345.2,350.2,61.488,38.237,35.37,26.84,50.807,212.741,508.065,9.285
671,346.1,351.1,61.488,38.237,35.46,27.02,50.88,213.084,508.795,9.311
672,347,352,61.488,38.237,35.55,27.2,50.953,213.427,509.525,9.338
673,347.9,352.9,61.488,38.237,35.64,27.39,51.025,213.779,510.245,9.366
674,348.8,353.8,61.488,38.237,35.73,27.57,51.098,214.122,510.975,9.392
675,349.7,354.7,61.488,38.237,35.82,27.76,51.17,214.474,511.695,9.419
676,350.6,355.6,61.488,38.237,35.91,27.94,51.243,214.817,512.425,9.445
677,351.5,356.5,61.488,38.237,36,28.12,51.316,215.16,513.155,9.471
678,352.4,357.4,61.488,38.237,36.09,28.31,51.388,215.512,513.875,9.499
679,353.3,358.3,61.488,38.237,36.18,28.49,51.461,215.855,514.605,9.524
680,354.2,359.2,61.488,38.237,36.27,28.67,51.534,216.198,515.335,9.55
681,355.1,360.1,61.488,38.237,36.36,28.86,51.606,216.55,516.055,9.577
682,356,361,61.488,38.237,36.45,29.04,51.679,216.893,516.785,9.603
683,356.9,361.9,61.488,38.237,36.54,29.23,51.751,217.245,517.505,9.63
684,357.8,362.8,61.488,38.237,36.63,29.41,51.824,217.588,518.235,9.655
685,358.7,363.7,61.488,38.237,36.71,29.59,51.898,217.922,518.975,9.679
686,359.6,364.6,61.488,38.237,36.81,29.78,51.969,218.283,519.685,9.707
687,360.5,365.5,61.488,38.237,36.9,29.96,52.042,218.626,520.415,9.732
688,361.4,366.4,61.488,38.237,36.99,30.15,52.114,218.978,521.135,9.759
689,362.3,367.3,61.488,38.237,37.08,30.33,52.187,219.321,521.865,9.784
690,357.9,362.9,64.782,40.285,36.64,29.43,51.886,223.023,518.863,9.575
691,358.8,363.8,64.782,40.285,36.73,29.61,51.959,223.366,519.593,9.601
692,359.7,364.7,64.782,40.285,36.82,29.8,52.031,223.718,520.313,9.627
693,360.6,365.6,64.782,40.285,36.91,29.98,52.104,224.061,521.043,9.652
694,361.5,366.5,64.782,40.285,37,30.17,52.176,224.413,521.763,9.679
695,362.4,367.4,64.782,40.285,37.09,30.35,52.249,224.756,522.493,9.704
696,363.3,368.3,64.782,40.285,37.18,30.53,52.322,225.099,523.223,9.728
697,364.2,369.2,64.782,40.285,37.27,30.72,52.394,225.451,523.943,9.755
698,365.1,370.1,64.782,40.285,37.36,30.9,52.467,225.794,524.673,9.779
699,366,371,64.782,40.285,37.45,31.08,52.54,226.137,525.403,9.804
700,366.9,371.9,64.782,40.285,37.54,31.27,52.612,226.489,526.123,9.83
701,367.8,372.8,64.782,40.285,37.63,31.45,52.685,226.832,526.853,9.854
702,368.7,373.7,64.782,40.285,37.71,31.64,52.758,227.175,527.583,9.879
703,369.6,374.6,64.782,40.285,37.81,31.82,52.83,227.527,528.303,9.905
704,370.5,375.5,64.782,40.285,37.9,32,52.903,227.87,529.033,9.929
705,371.4,376.4,64.782,40.285,37.99,32.19,52.975,228.222,529.753,9.955
706,372.3,377.3,64.782,40.285,38.08,32.37,53.048,228.565,530.483,9.979
707,373.2,378.2,64.782,40.285,38.17,32.55,53.121,228.908,531.213,10.003
708,374.1,379.1,64.782,40.285,38.26,32.74,53.193,229.26,531.933,10.028
709,375,380,64.782,40.285,38.35,32.92,53.266,229.603,532.663,10.052
710,375.9,380.9,64.782,40.285,38.43,33.11,53.339,229.946,533.393,10.076
711,376.8,381.8,64.782,40.285,38.53,33.29,53.411,230.298,534.113,10.101
712,377.7,382.7,64.782,40.285,38.62,33.47,53.484,230.641,534.843,10.125
713,378.6,383.6,64.782,40.285,38.71,33.66,53.556,230.993,535.563,10.15
714,379.5,384.5,64.782,40.285,38.8,33.84,53.629,231.336,536.293,10.174
715,380.4,385.4,64.782,40.285,38.89,34.02,53.702,231.679,537.023,10.197
716,381.3,386.3,64.782,40.285,38.98,34.21,53.774,232.031,537.743,10.222
717,382.2,387.2,64.782,40.285,39.07,34.39,53.847,232.374,538.473,10.245
718,383.1,388.1,64.782,40.285,39.16,34.58,53.919,232.726,539.193,10.27
719,384,389,64.782,40.285,39.25,34.76,53.992,233.069,539.923,10.293
720,384.9,389.9,64.782,40.285,39.34,34.94,54.065,233.412,540.653,10.317
721,385.8,390.8,64.782,40.285,39.43,35.13,54.137,233.764,541.373,10.341
722,386.7,391.7,64.782,40.285,39.52,35.31,54.21,234.107,542.103,10.364
723,387.6,392.6,64.782,40.285,39.61,35.5,54.282,234.459,542.823,10.389
724,388.5,393.5,64.782,40.285,39.7,35.68,54.355,234.802,543.553,10.412
725,389.4,394.4,64.782,40.285,39.79,35.86,54.428,235.145,544.283,10.434
726,384.9,389.9,68.076,42.334,39.34,34.94,54.131,238.821,541.31,10.231
727,385.8,390.8,68.076,42.334,39.43,35.13,54.203,239.173,542.03,10.256
728,386.7,391.7,68.076,42.334,39.52,35.31,54.276,239.516,542.76,10.279
729,387.6,392.6,68.076,42.334,39.61,35.5,54.348,239.868,543.48,10.303
730,388.5,393.5,68.076,42.334,39.7,35.68,54.421,240.211,544.21,10.326
731,389.4,394.4,68.076,42.334,39.79,35.86,54.494,240.554,544.94,10.349
732,390.3,395.3,68.076,42.334,39.88,36.05,54.566,240.906,545.66,10.373
733,391.2,396.2,68.076,42.334,39.97,36.23,54.639,241.249,546.39,10.396
734,392.1,397.1,68.076,42.334,40.06,36.41,54.712,241.592,547.12,10.418
735,393,398,68.076,42.334,40.15,36.6,54.784,241.944,547.84,10.442
736,393.9,398.9,68.076,42.334,40.24,36.78,54.857,242.287,548.57,10.465
737,394.8,399.8,68.076,42.334,40.33,36.97,54.929,242.639,549.29,10.488
738,395.7,400.7,68.076,42.334,40.42,37.15,55.002,242.982,550.02,10.511
739,396.6,401.6,68.076,42.334,40.51,37.33,55.075,243.325,550.75,10.533
740,397.5,402.5,68.076,42.334,40.6,37.52,55.147,243.677,551.47,10.557
741,398.4,403.4,68.076,42.334,40.69,37.7,55.22,244.02,552.2,10.579
742,399.3,404.3,68.076,42.334,40.78,37.88,55.293,244.363,552.93,10.601
743,400.2,405.2,68.076,42.334,40.87,38.07,55.365,244.715,553.65,10.624
744,401.1,406.1,68.076,42.334,40.96,38.25,55.438,245.058,554.38,10.647
745,402,407,68.076,42.334,41.05,38.44,55.51,245.41,555.1,10.67
746,402.9,407.9,68.076,42.334,41.14,38.62,55.583,245.753,555.83,10.692
747,403.8,408.8,68.076,42.334,41.23,38.8,55.656,246.096,556.56,10.714
748,404.7,409.7,68.076,42.334,41.32,38.99,55.728,246.448,557.28,10.737
749,405.6,410.6,68.076,42.334,41.41,39.17,55.801,246.791,558.01,10.758
750,406.5,411.5,68.076,42.334,41.5,39.35,55.874,247.134,558.74,10.78
751,407.4,412.4,68.076,42.334,41.59,39.54,55.946,247.486,559.46,10.803
752,408.3,413.3,68.076,42.334,41.68,39.72,56.019,247.829,560.19,10.824
753,409.2,414.2,68.076,42.334,41.77,39.91,56.091,248.181,560.91,10.847
754,410.1,415.1,68.076,42.334,41.86,40.09,56.164,248.524,561.64,10.869
755,411,416,68.076,42.334,41.95,40.27,56.237,248.867,562.37,10.89
756,411.9,416.9,68.076,42.334,42.04,40.46,56.309,249.219,563.09,10.913
757,412.8,417.8,68.076,42.334,42.13,40.64,56.382,249.562,563.82,10.934
758,413.7,418.7,68.076,42.334,42.22,40.82,56.455,249.905,564.55,10.955
759,414.6,419.6,68.076,42.334,42.31,41.01,56.527,250.257,565.27,10.978
760,415.5,420.5,68.076,42.334,42.4,41.19,56.6,250.6,566,10.999
761,416.4,421.4,68.076,42.334,42.49,41.38,56.672,250.952,566.72,11.021
762,412,417,71.37,44.382,42.05,40.48,56.372,254.654,563.718,10.831
763,412.9,417.9,71.37,44.382,42.14,40.66,56.445,254.997,564.448,10.852
764,413.8,418.8,71.37,44.382,42.23,40.85,56.517,255.349,565.168,10.874
765,414.7,419.7,71.37,44.382,42.32,41.03,56.59,255.692,565.898,10.895
766,415.6,420.6,71.37,44.382,42.41,41.21,56.663,256.035,566.628,10.916
767,416.5,421.5,71.37,44.382,42.5,41.4,56.735,256.387,567.348,10.939
768,417.4,422.4,71.37,44.382,42.59,41.58,56.808,256.73,568.078,10.96
769,418.3,423.3,71.37,44.382,42.68,41.76,56.881,257.073,568.808,10.98
770,419.2,424.2,71.37,44.382,42.77,41.95,56.953,257.425,569.528,11.003
771,420.1,425.1,71.37,44.382,42.86,42.13,57.026,257.768,570.258,11.023
772,421,426,71.37,44.382,42.95,42.32,57.098,258.12,570.978,11.045
773,421.9,426.9,71.37,44.382,43.04,42.5,57.171,258.463,571.708,11.066
774,422.8,427.8,71.37,44.382,43.13,42.68,57.244,258.806,572.438,11.087
775,423.7,428.7,71.37,44.382,43.22,42.87,57.316,259.158,573.158,11.108
776,424.6,429.6,71.37,44.382,43.31,43.05,57.389,259.501,573.888,11.129
777,425.5,430.5,71.37,44.382,43.4,43.23,57.462,259.844,574.618,11.149
778,426.4,431.4,71.37,44.382,43.49,43.42,57.534,260.196,575.338,11.171
779,427.3,432.3,71.37,44.382,43.58,43.6,57.607,260.539,576.068,11.191
780,428.2,433.2,71.37,44.382,43.67,43.79,57.679,260.891,576.788,11.213
781,429.1,434.1,71.37,44.382,43.76,43.97,57.752,261.234,577.518,11.233
782,430,435,71.37,44.382,43.85,44.15,57.825,261.577,578.248,11.253
783,430.9,435.9,71.37,44.382,43.94,44.34,57.897,261.929,578.968,11.275
784,431.8,436.8,71.37,44.382,44.03,44.52,57.97,262.272,579.698,11.295
785,432.7,437.7,71.37,44.382,44.12,44.7,58.043,262.615,580.428,11.315
786,433.6,438.6,71.37,44.382,44.21,44.89,58.115,262.967,581.148,11.336
787,434.5,439.5,71.37,44.382,44.3,45.07,58.188,263.31,581.878,11.356
788,435.4,440.4,71.37,44.382,44.39,45.26,58.26,263.662,582.598,11.377
789,436.3,441.3,71.37,44.382,44.48,45.44,58.333,264.005,583.328,11.397
790,437.2,442.2,71.37,44.382,44.57,45.62,58.406,264.348,584.058,11.416
791,438.1,443.1,71.37,44.382,44.66,45.81,58.478,264.7,584.778,11.437
792,439,444,71.37,44.382,44.75,45.99,58.551,265.043,585.508,11.457
793,439.9,444.9,71.37,44.382,44.84,46.17,58.624,265.386,586.238,11.477
794,440.8,445.8,71.37,44.382,44.93,46.36,58.696,265.738,586.958,11.497
795,441.7,446.7,71.37,44.382,45.02,46.54,58.769,266.081,587.688,11.517
796,442.6,447.6,71.37,44.382,45.11,46.73,58.841,266.433,588.408,11.538
797,443.5,448.5,71.37,44.382,45.2,46.91,58.914,266.776,589.138,11.557
798,442.3,447.3,71.37,46.43,45.08,46.66,58.846,268.386,588.46,11.496
799,443.2,448.2,71.37,46.43,45.17,46.85,58.918,268.738,589.18,11.517
800,444.1,449.1,71.37,46.43,45.26,47.03,58.991,269.081,589.91,11.536
801,445,450,71.37,46.43,45.35,47.22,59.063,269.433,590.63,11.557
802,445.9,450.9,71.37,46.43,45.44,47.4,59.136,269.776,591.36,11.576
803,446.8,451.8,71.37,46.43,45.53,47.58,59.209,270.119,592.09,11.595
804,447.7,452.7,71.37,46.43,45.62,47.77,59.281,270.471,592.81,11.616
805,448.6,453.6,71.37,46.43,45.71,47.95,59.354,270.814,593.54,11.635
806,449.5,454.5,71.37,46.43,45.8,48.14,59.426,271.166,594.26,11.655
807,450.4,455.4,71.37,46.43,45.89,48.32,59.499,271.509,594.99,11.674
808,451.3,456.3,71.37,46.43,45.98,48.5,59.572,271.852,595.72,11.693
809,452.2,457.2,71.37,46.43,46.07,48.69,59.644,272.204,596.44,11.713
810,453.1,458.1,71.37,46.43,46.16,48.87,59.717,272.547,597.17,11.732
811,454,459,71.37,46.43,46.25,49.05,59.79,272.89,597.9,11.751
812,454.9,459.9,71.37,46.43,46.34,49.24,59.862,273.242,598.62,11.771
813,455.8,460.8,71.37,46.43,46.43,49.42,59.935,273.585,599.35,11.79
814,456.7,461.7,71.37,46.43,46.52,49.61,60.007,273.937,600.07,11.81
815,457.6,462.6,71.37,46.43,46.61,49.79,60.08,274.28,600.8,11.828
816,458.5,463.5,71.37,46.43,46.7,49.97,60.153,274.623,601.53,11.847
817,459.4,464.4,71.37,46.43,46.79,50.16,60.225,274.975,602.25,11.867
818,460.3,465.3,71.37,46.43,46.88,50.34,60.298,275.318,602.98,11.885
819,461.2,466.2,71.37,46.43,46.97,50.52,60.371,275.661,603.71,11.904
820,462.1,467.1,71.37,46.43,47.06,50.71,60.443,276.013,604.43,11.923
821,463,468,71.37,46.43,47.15,50.89,60.516,276.356,605.16,11.942
822,463.9,468.9,71.37,46.43,47.24,51.08,60.588,276.708,605.88,11.961
823,464.8,469.8,71.37,46.43,47.33,51.26,60.661,277.051,606.61,11.979
824,465.7,470.7,71.37,46.43,47.42,51.44,60.734,277.394,607.34,11.998
825,466.6,471.6,71.37,46.43,47.51,51.63,60.806,277.746,608.06,12.017
826,467.5,472.5,71.37,46.43,47.6,51.81,60.879,278.089,608.79,12.035
827,468.4,473.4,71.37,46.43,47.69,51.99,60.952,278.432,609.52,12.053
828,469.3,474.3,71.37,46.43,47.78,52.18,61.024,278.784,610.24,12.072
829,470.2,475.2,71.37,46.43,47.87,52.36,61.097,279.127,610.97,12.09
830,471.1,476.1,71.37,46.43,47.96,52.55,61.169,279.479,611.69,12.11
831,472,477,71.37,46.43,48.05,52.73,61.242,279.822,612.42,12.128
832,472.9,477.9,71.37,46.43,48.14,52.91,61.315,280.165,613.15,12.145
833,473.8,478.8,71.37,46.43,48.23,53.1,61.387,280.517,613.87,12.164
834,472.7,477.7,71.37,48.479,48.12,52.87,61.316,282.155,613.161,12.109
835,473.6,478.6,71.37,48.479,48.21,53.06,61.388,282.507,613.881,12.128
836,474.5,479.5,71.37,48.479,48.3,53.24,61.461,282.85,614.611,12.146
837,475.4,480.4,71.37,48.479,48.39,53.42,61.534,283.193,615.341,12.164
838,476.3,481.3,71.37,48.479,48.48,53.61,61.606,283.545,616.061,12.183
839,477.2,482.2,71.37,48.479,48.57,53.79,61.679,283.888,616.791,12.2
840,478.1,483.1,71.37,48.479,48.66,53.98,61.751,284.24,617.511,12.219
841,479,484,71.37,48.479,48.75,54.16,61.824,284.583,618.241,12.237
842,479.9,484.9,71.37,48.479,48.84,54.34,61.897,284.926,618.971,12.254
843,480.8,485.8,71.37,48.479,48.93,54.53,61.969,285.278,619.691,12.273
844,481.7,486.7,71.37,48.479,49.02,54.71,62.042,285.621,620.421,12.29
845,482.6,487.6,71.37,48.479,49.11,54.89,62.115,285.964,621.151,12.308
846,483.5,488.5,71.37,48.479,49.2,55.08,62.187,286.316,621.871,12.326
847,484.4,489.4,71.37,48.479,49.29,55.26,62.26,286.659,622.601,12.344
848,485.3,490.3,71.37,48.479,49.38,55.45,62.332,287.011,623.321,12.362
849,486.2,491.2,71.37,48.479,49.47,55.63,62.405,287.354,624.051,12.379
850,487.1,492.1,71.37,48.479,49.56,55.81,62.478,287.697,624.781,12.396
851,488.1,493.1,71.37,48.479,49.66,56.02,62.547,288.076,625.471,12.418
852,489.1,494.1,71.37,48.479,49.76,56.22,62.617,288.446,626.171,12.439
853,490.1,495.1,71.37,48.479,49.86,56.43,62.686,288.825,626.861,12.461
854,491.1,496.1,71.37,48.479,49.96,56.63,62.756,289.195,627.561,12.481
855,492.1,497.1,71.37,48.479,50.06,56.83,62.826,289.565,628.261,12.502
856,493.1,498.1,71.37,48.479,50.16,57.04,62.895,289.944,628.951,12.523
857,494.1,499.1,71.37,48.479,50.26,57.24,62.965,290.314,629.651,12.544
858,495.1,500.1,71.37,48.479,50.36,57.45,63.034,290.693,630.341,12.565
859,496.1,501.1,71.37,48.479,50.46,57.65,63.104,291.063,631.041,12.586
860,497.1,502.1,71.37,48.479,50.56,57.86,63.173,291.442,631.731,12.607
861,498.1,503.1,71.37,48.479,50.66,58.06,63.243,291.812,632.431,12.627
862,499.1,504.1,71.37,48.479,50.76,58.26,63.313,292.182,633.131,12.647
863,500.1,505.1,71.37,48.479,50.86,58.47,63.382,292.561,633.821,12.669
864,501.1,506.1,71.37,48.479,50.96,58.67,63.452,292.931,634.521,12.689
865,502.1,507.1,71.37,48.479,51.06,58.88,63.521,293.31,635.211,12.71
866,503.1,508.1,71.37,48.479,51.16,59.08,63.591,293.68,635.911,12.73
867,504.1,509.1,71.37,48.479,51.26,59.28,63.661,294.05,636.611,12.75
868,505.1,510.1,71.37,48.479,51.36,59.49,63.73,294.429,637.301,12.771
869,506.1,511.1,71.37,48.479,51.46,59.69,63.8,294.799,638.001,12.791
870,507.1,512.1,71.37,48.479,51.56,59.9,63.869,295.178,638.691,12.811
871,508.1,513.1,71.37,48.479,51.66,60.1,63.939,295.548,639.391,12.831
872,509.1,514.1,71.37,48.479,51.76,60.31,64.008,295.927,640.081,12.852
873,510.1,515.1,71.37,48.479,51.86,60.51,64.078,296.297,640.781,12.872
874,511.1,516.1,71.37,48.479,51.96,60.71,64.148,296.667,641.481,12.891
875,512.1,517.1,71.37,48.479,52.06,60.92,64.217,297.046,642.171,12.912
876,510.4,515.4,71.37,51.21,51.89,60.57,64.096,299.136,640.96,12.838
877,511.4,516.4,71.37,51.21,51.99,60.78,64.165,299.515,641.65,12.859
878,512.4,517.4,71.37,51.21,52.09,60.98,64.235,299.885,642.35,12.878
879,513.4,518.4,71.37,51.21,52.19,61.18,64.305,300.255,643.05,12.898
880,514.4,519.4,71.37,51.21,52.29,61.39,64.374,300.634,643.74,12.918
881,515.4,520.4,71.37,51.21,52.39,61.59,64.444,301.004,644.44,12.938
882,516.4,521.4,71.37,51.21,52.49,61.8,64.513,301.383,645.13,12.958
883,517.4,522.4,71.37,51.21,52.59,62,64.583,301.753,645.83,12.977
884,518.4,523.4,71.37,51.21,52.69,62.2,64.653,302.123,646.53,12.997
885,519.4,524.4,71.37,51.21,52.79,62.41,64.722,302.502,647.22,13.017
886,520.4,525.4,71.37,51.21,52.89,62.61,64.792,302.872,647.92,13.036
887,521.4,526.4,71.37,51.21,52.99,62.82,64.861,303.251,648.61,13.056
888,522.4,527.4,71.37,51.21,53.09,63.02,64.931,303.621,649.31,13.075
889,523.4,528.4,71.37,51.21,53.19,63.23,65,304,650,13.096
890,524.4,529.4,71.37,51.21,53.29,63.43,65.07,304.37,650.7,13.115
891,525.4,530.4,71.37,51.21,53.39,63.63,65.14,304.74,651.4,13.134
892,526.4,531.4,71.37,51.21,53.49,63.84,65.209,305.119,652.09,13.154
893,527.4,532.4,71.37,51.21,53.59,64.04,65.279,305.489,652.79,13.172
894,528.4,533.4,71.37,51.21,53.69,64.25,65.348,305.868,653.48,13.192
895,529.4,534.4,71.37,51.21,53.79,64.45,65.418,306.238,654.18,13.211
896,530.4,535.4,71.37,51.21,53.89,64.65,65.488,306.608,654.88,13.23
897,531.4,536.4,71.37,51.21,53.99,64.86,65.557,306.987,655.57,13.25
898,532.4,537.4,71.37,51.21,54.09,65.06,65.627,307.357,656.27,13.268
899,533.4,538.4,71.37,51.21,54.19,65.27,65.696,307.736,656.96,13.288
900,534.4,539.4,71.37,51.21,54.29,65.47,65.766,308.106,657.66,13.307
901,535.4,540.4,71.37,51.21,54.39,65.68,65.835,308.485,658.35,13.326
902,536.4,541.4,71.37,51.21,54.49,65.88,65.905,308.855,659.05,13.345
903,537.4,542.4,71.37,51.21,54.59,66.08,65.975,309.225,659.75,13.363
904,538.4,543.4,71.37,51.21,54.69,66.29,66.044,309.604,660.44,13.383
905,539.4,544.4,71.37,51.21,54.79,66.49,66.114,309.974,661.14,13.401
906,540.4,545.4,71.37,51.21,54.89,66.7,66.183,310.353,661.83,13.421
907,541.4,546.4,71.37,51.21,54.99,66.9,66.253,310.723,662.53,13.439
908,542.4,547.4,71.37,51.21,55.09,67.11,66.322,311.102,663.22,13.458
909,543.4,548.4,71.37,51.21,55.19,67.31,66.392,311.472,663.92,13.476
910,544.4,549.4,71.37,51.21,55.29,67.51,66.462,311.842,664.62,13.495
911,545.4,550.4,71.37,51.21,55.39,67.72,66.531,312.221,665.31,13.514
912,546.4,551.4,71.37,51.21,55.49,67.92,66.601,312.591,666.01,13.532
913,547.4,552.4,71.37,51.21,55.59,68.13,66.67,312.97,666.7,13.551
914,548.4,553.4,71.37,51.21,55.69,68.33,66.74,313.34,667.4,13.569
915,549.4,554.4,71.37,51.21,55.79,68.53,66.81,313.71,668.1,13.587
916,550.4,555.4,71.37,51.21,55.89,68.74,66.879,314.089,668.79,13.606
917,551.4,556.4,71.37,51.21,55.99,68.94,66.949,314.459,669.49,13.624
918,552.4,557.4,71.37,51.21,56.09,69.15,67.018,314.838,670.18,13.643
919,553.4,558.4,71.37,51.21,56.19,69.35,67.088,315.208,670.88,13.661
920,554.4,559.4,71.37,51.21,56.29,69.56,67.157,315.587,671.57,13.679
921,555.4,560.4,71.37,51.21,56.39,69.76,67.227,315.957,672.27,13.697
922,556.4,561.4,71.37,51.21,56.49,69.96,67.297,316.327,672.97,13.715
923,557.4,562.4,71.37,51.21,56.59,70.17,67.366,316.706,673.66,13.733
924,555.6,560.6,71.37,53.941,56.41,69.8,67.248,318.769,672.479,13.659
925,556.6,561.6,71.37,53.941,56.51,70,67.318,319.139,673.179,13.677
926,557.6,562.6,71.37,53.941,56.61,70.21,67.387,319.518,673.869,13.695
927,558.6,563.6,71.37,53.941,56.71,70.41,67.457,319.888,674.569,13.713
928,559.6,564.6,71.37,53.941,56.81,70.62,67.526,320.267,675.259,13.732
929,560.6,565.6,71.37,53.941,56.91,70.82,67.596,320.637,675.959,13.749
930,561.6,566.6,71.37,53.941,57.01,71.03,67.665,321.016,676.649,13.768
931,562.6,567.6,71.37,53.941,57.11,71.23,67.735,321.386,677.349,13.785
932,563.6,568.6,71.37,53.941,57.21,71.43,67.805,321.756,678.049,13.803
933,564.6,569.6,71.37,53.941,57.31,71.64,67.874,322.135,678.739,13.821
934,565.6,570.6,71.37,53.941,57.41,71.84,67.944,322.505,679.439,13.838
935,566.6,571.6,71.37,53.941,57.51,72.05,68.013,322.884,680.129,13.857
936,567.6,572.6,71.37,53.941,57.61,72.25,68.083,323.254,680.829,13.874
937,568.6,573.6,71.37,53.941,57.71,72.46,68.152,323.633,681.519,13.892
938,569.6,574.6,71.37,53.941,57.81,72.66,68.222,324.003,682.219,13.909
939,570.6,575.6,71.37,53.941,57.91,72.86,68.292,324.373,682.919,13.927
940,571.6,576.6,71.37,53.941,58.01,73.07,68.361,324.752,683.609,13.945
941,572.6,577.6,71.37,53.941,58.11,73.27,68.431,325.122,684.309,13.962
942,573.6,578.6,71.37,53.941,58.21,73.48,68.5,325.501,684.999,13.98
943,574.6,579.6,71.37,53.941,58.31,73.68,68.57,325.871,685.699,13.997
944,575.6,580.6,71.37,53.941,58.41,73.88,68.64,326.241,686.399,14.014
945,576.6,581.6,71.37,53.941,58.51,74.09,68.709,326.62,687.089,14.032
946,577.6,582.6,71.37,53.941,58.61,74.29,68.779,326.99,687.789,14.049
947,578.6,583.6,71.37,53.941,58.71,74.5,68.848,327.369,688.479,14.067
948,579.6,584.6,71.37,53.941,58.81,74.7,68.918,327.739,689.179,14.083
949,580.6,585.6,71.37,53.941,58.91,74.91,68.987,328.118,689.869,14.101
950,581.6,586.6,71.37,53.941,59.01,75.11,69.057,328.488,690.569,14.118
951,582.6,587.6,71.37,53.941,59.11,75.31,69.127,328.858,691.269,14.135
952,583.6,588.6,71.37,53.941,59.21,75.52,69.196,329.237,691.959,14.152
953,584.6,589.6,71.37,53.941,59.31,75.72,69.266,329.607,692.659,14.169
954,585.6,590.6,71.37,53.941,59.41,75.93,69.335,329.986,693.349,14.187
955,586.6,591.6,71.37,53.941,59.51,76.13,69.405,330.356,694.049,14.203
956,587.6,592.6,71.37,53.941,59.61,76.34,69.474,330.735,694.739,14.221
957,588.6,593.6,71.37,53.941,59.71,76.54,69.544,331.105,695.439,14.237
958,589.6,594.6,71.37,53.941,59.81,76.74,69.614,331.475,696.139,14.254
959,590.6,595.6,71.37,53.941,59.91,76.95,69.683,331.854,696.829,14.271
960,591.6,596.6,71.37,53.941,60.01,77.15,69.753,332.224,697.529,14.287
961,592.6,597.6,71.37,53.941,60.11,77.36,69.822,332.603,698.219,14.305
962,593.6,598.6,71.37,53.941,60.21,77.56,69.892,332.973,698.919,14.321
963,594.6,599.6,71.37,53.941,60.31,77.76,69.962,333.343,699.619,14.337
964,595.6,600.6,71.37,53.941,60.41,77.97,70.031,333.722,700.309,14.355
965,596.6,601.6,71.37,53.941,60.51,78.17,70.101,334.092,701.009,14.371
966,597.6,602.6,71.37,53.941,60.61,78.38,70.17,334.471,701.699,14.388
967,598.6,603.6,71.37,53.941,60.71,78.58,70.24,334.841,702.399,14.404
968,599.6,604.6,71.37,53.941,60.81,78.79,70.309,335.22,703.089,14.421
969,600.6,605.6,71.37,53.941,60.91,78.99,70.379,335.59,703.789,14.438
970,601.6,606.6,71.37,53.941,61.01,79.19,70.449,335.96,704.489,14.454
971,602.6,607.6,71.37,53.941,61.11,79.4,70.518,336.339,705.179,14.471
972,600.9,605.9,71.37,56.672,60.94,79.05,70.397,338.429,703.968,14.402
973,601.9,606.9,71.37,56.672,61.04,79.26,70.466,338.808,704.658,14.419
974,602.9,607.9,71.37,56.672,61.14,79.46,70.536,339.178,705.358,14.435
975,603.9,608.9,71.37,56.672,61.24,79.66,70.606,339.548,706.058,14.451
976,604.9,609.9,71.37,56.672,61.34,79.87,70.675,339.927,706.748,14.468
977,605.9,610.9,71.37,56.672,61.44,80.07,70.745,340.297,707.448,14.484
978,606.9,611.9,71.37,56.672,61.54,80.28,70.814,340.676,708.138,14.501
979,607.9,612.9,71.37,56.672,61.64,80.48,70.884,341.046,708.838,14.517
980,608.9,613.9,71.37,56.672,61.74,80.68,70.954,341.416,709.538,14.533
981,609.9,614.9,71.37,56.672,61.84,80.89,71.023,341.795,710.228,14.549
982,610.9,615.9,71.37,56.672,61.94,81.09,71.093,342.165,710.928,14.565
983,611.9,616.9,71.37,56.672,62.04,81.3,71.162,342.544,711.618,14.582
984,612.9,617.9,71.37,56.672,62.14,81.5,71.232,342.914,712.318,14.598
985,613.9,618.9,71.37,56.672,62.24,81.71,71.301,343.293,713.008,14.614
986,614.9,619.9,71.37,56.672,62.34,81.91,71.371,343.663,713.708,14.63
987,615.9,620.9,71.37,56.672,62.44,82.11,71.441,344.033,714.408,14.645
988,616.9,621.9,71.37,56.672,62.54,82.32,71.51,344.412,715.098,14.662
989,617.9,622.9,71.37,56.672,62.64,82.52,71.58,344.782,715.798,14.677
990,618.9,623.9,71.37,56.672,62.74,82.73,71.649,345.161,716.488,14.694
991,619.9,624.9,71.37,56.672,62.84,82.93,71.719,345.531,717.188,14.709
992,620.9,625.9,71.37,56.672,62.94,83.14,71.788,345.91,717.878,14.726
993,621.9,626.9,71.37,56.672,63.04,83.34,71.858,346.28,718.578,14.741
994,622.9,627.9,71.37,56.672,63.14,83.54,71.928,346.65,719.278,14.757
995,623.9,628.9,71.37,56.672,63.24,83.75,71.997,347.029,719.968,14.773
996,624.9,629.9,71.37,56.672,63.34,83.95,72.067,347.399,720.668,14.788
997,625.9,630.9,71.37,56.672,63.44,84.16,72.136,347.778,721.358,14.804
998,626.9,631.9,71.37,56.672,63.54,84.36,72.206,348.148,722.058,14.82
999,627.9,632.9,71.37,56.672,63.64,84.56,72.276,348.518,722.758,14.835
1000,628.9,633.9,71.37,56.672,63.74,84.77,72.345,348.897,723.448,14.851
